display_name|suffix|last|uri|remove|middle|corresponding|uf|first
Stienmetz, Jason L.||Stienmetz|||L|true|true|Jason
Fesenmaier, Daniel R.||Fesenmaier|||R|false|true|Daniel
Li, Jie||Li||||false|false|Jie
Li, Kan||Li||||false|false|Kan
Cave, Mark||Cave||||false|false|Mark
Li, Hong-Bo||Li||||true|false|Hong-Bo
Ma, Lena Q.||Ma|||Q|false|true|Lena
Li, Shi-Wei||Li||||false|false|Shi-Wei
Li, Jie||Li||||false|false|Jie
Li, Hong-Bo||Li||||false|false|Hong-Bo
Naidu, Ravi||Naidu||||false|false|Ravi
Ma, L. Q.||Ma|||Q|true|true|L
Morris, J. Bradley||Morris|||Bradley|true|true|J
Chase, Carlene||Chase||||false|true|Carlene
Treadwell, Danielle||Treadwell||||false|true|Danielle
Koenig, Rosie||Koenig||||false|true|Rosie
Cho, Alyssa||Cho||||false|true|Alyssa
Morales-Payan, Jose Pable||Morales-Payan|||Pable|false|true|Jose
Murphy, Tim||Murphy||||false|true|Tim
Antonious, George F.||Antonious|||F|false|true|George
Naugle, Kelly M.||Naugle|||M|true|true|Kelly
Cruz-Almeida, Yenisei||Cruz-Almeida||||false|true|Yenisei
Vierck, Charles J.||Vierck|||J|false|true|Charles
Mauderli, Andre P.||Mauderli|||P|false|true|Andre
Riley, III, Joseph L.|III|Riley|||L|false|true|Joseph
Jabeen, Farukh||Jabeen||||false|false|Farukh
Panda, Siva S.||Panda|||S|true|false|Siva
Kondratyuk, Tamara P.||Kondratyuk|||P|false|false|Tamara
Park, Eun-Jung||Park||||false|false|Eun-Jung
Pezzuto, John M.||Pezzuto|||M|false|false|John
Ihsan-ul-Haq||Ihsan-ul-Haq||||false|false|
Hall, C. Dennis||Hall|||Dennis|false|false|C
Katritzky, Alan R.||Katritzky|||R|false|false|Alan
Huang, Kainian||Huang||||true|true|Kainian
Opdyke, Neil D.||Opdyke|||D|false|true|Neil
Ishii, Stephanie K. L.||Ishii|||K L|true|true|Stephanie
Boyer, Treavor H.||Boyer|||H|false|true|Treavor
Pacholewicz, Ewa||Pacholewicz||||true|false|Ewa
Swart, Arno||Swart||||false|false|Arno
Schipper, Maarten||Schipper||||false|false|Maarten
Gortemaker, Betty G. M.||Gortemaker|||G M|false|false|Betty
Wagenaar, Jaap A.||Wagenaar|||A|false|false|Jaap
Havelaar, Arie H.||Havelaar|||H|false|true|Arie
Lipman, Len J. A.||Lipman|||J A|false|false|Len
Jiang, Xiubao||Jiang||||false|false|Xiubao
You, Xinge||You||||true|false|Xinge
Yu, Shujian||Yu||||false|false|Shujian
Tao, Dacheng||Tao||||false|false|Dacheng
Chen, C. L. Philip||Chen|||L Philip|false|false|C
Cheung, Yiu-ming||Cheung||||false|false|Yiu-ming
Ofori, Edward||Ofori||||false|true|Edward
Coombes, Stephen A.||Coombes|||A|false|true|Stephen
Vaillancourt, David E.||Vaillancourt|||E|true|true|David
Lawrimore, David Keoni||Lawrimore|||Keoni|true|true|David
Luo, Zhiyao||Luo||||false|true|Zhiyao
Gu, Ganyu||Gu||||false|true|Ganyu
Ginn, Amber||Ginn||||false|true|Amber
Giurcanu, Mihai C.||Giurcanu|||C|false|true|Mihai
Adams, Paige||Adams||||false|true|Paige
Vellidis, George||Vellidis||||false|true|George
van Bruggen, Ariena H. C.||van Bruggen|||H C|false|true|Ariena
Danyluk, Michelle D.||Danyluk|||D|false|true|Michelle
Wright, Anita C.||Wright|||C|true|true|Anita
Kaan, Edith||Kaan||||true|false|Edith
Ballantyne, Jocelyn C.||Ballantyne|||C|false|false|Jocelyn
Wijnen, Frank||Wijnen||||false|false|Frank
Abou El-Nour, K. M. M.||Abou El-Nour|||M M|true|true|K
Nectoux, Juliette||Nectoux||||false|false|Juliette
de Cid, Rafael||de Cid||||false|false|Rafael
Baulande, Sylvain||Baulande||||false|false|Sylvain
Leturcq, France||Leturcq||||false|false|France
Urtizberea, Jon Andoni||Urtizberea|||Andoni|false|false|Jon
Penisson-Besnier, Isabelle||Penisson-Besnier||||false|false|Isabelle
Nadaj-Pakleza, Aleksandra||Nadaj-Pakleza||||false|false|Aleksandra
Roudaut, Carinne||Roudaut||||false|false|Carinne
Criqui, Audrey||Criqui||||false|false|Audrey
Orhant, Lucie||Orhant||||false|false|Lucie
Peyroulan, Delphine||Peyroulan||||false|false|Delphine
Ben Yaou, Raba||Ben Yaou||||false|false|Raba
Nelson, Isabelle||Nelson||||false|false|Isabelle
Cobo, Anna Maria||Cobo|||Maria|false|false|Anna
Arne-Bes, Marie-Christine||Arne-Bes||||false|false|Marie-Christine
Uro-Coste, Emmanuelle||Uro-Coste||||false|false|Emmanuelle
Nitschke, Patrick||Nitschke||||false|false|Patrick
Claustres, Mireille||Claustres||||false|false|Mireille
Bonne, Gisele||Bonne||||false|false|Gisele
Levy, Nicolas||Levy||||false|false|Nicolas
Chelly, Jamel||Chelly||||false|false|Jamel
Richard, Isabelle||Richard||||false|false|Isabelle
Cossee, Mireille||Cossee||||true|false|Mireille
Adams, Curtis B.||Adams|||B|true|true|Curtis
Erickson, John E.||Erickson|||E|false|true|John
Singh, Maninder P.||Singh|||P|false|true|Maninder
Tripathi, Ajai K.||Tripathi|||K|false|true|Ajai
Haldar, Swati||Haldar||||false|true|Swati
Qian, Juan||Qian||||false|true|Juan
Beserra, Amber||Beserra||||false|true|Amber
Suda, Srinivas||Suda||||false|true|Srinivas
Singh, Ajay||Singh||||false|true|Ajay
Hopfer, Ulrich||Hopfer||||false|true|Ulrich
Chen, Shu G.||Chen|||G|false|true|Shu
Garrick, Michael D.||Garrick|||D|false|true|Michael
Turner, Jerrold R.||Turner|||R|false|true|Jerrold
Knutson, Mitchell D.||Knutson|||D|false|true|Mitchell
Singh, Neena||Singh||||true|true|Neena
Appelberg, K. Sofia||Appelberg|||Sofia|false|true|K
Goodenow, Maureen M.||Goodenow|||M|true|true|Maureen
Broome, Susan Brantlee||Broome|||Brantlee|true|true|Susan
Lutz, Barbara J.||Lutz|||J|false|true|Barbara
Cook, Christa||Cook||||false|true|Christa
Walker, David||Walker||||false|false|David
Matsuki, Keisuke||Matsuki||||false|false|Keisuke
Struk, Aimee M.||Struk|||M|false|true|Aimee
Wright, Thomas W.||Wright|||W|true|true|Thomas
Banks, Scott A.||Banks|||A|false|false|Scott
Bachler, Patricia R.||Bachler|||R|false|true|Patricia
Wagener, Kenneth B.||Wagener|||B|true|true|Kenneth
Ploetz, Randy||Ploetz||||true|false|Randy
Freeman, Stanley||Freeman||||false|false|Stanley
Konkol, Joshua||Konkol||||false|false|Joshua
Al-Abed, Adel||Al-Abed||||false|false|Adel
Naser, Ziad||Naser||||false|false|Ziad
Shalan, Khalaf||Shalan||||false|false|Khalaf
Barakat, Radwan||Barakat||||false|false|Radwan
Israeli, Yair||Israeli||||false|false|Yair
Ferrari, Vera||Ferrari||||true|false|Vera
Bradley, Margaret M.||Bradley|||M|false|false|Margaret
Codispoti, Maurizio||Codispoti||||false|false|Maurizio
Lang, Peter J.||Lang|||J|false|false|Peter
Rahman, Maryam||Rahman||||true|true|Maryam
Donnangelo, Lauren L.||Donnangelo|||L|false|true|Lauren
Neal, Dan||Neal||||false|true|Dan
Mogali, Kiran||Mogali||||false|true|Kiran
Decker, Matthew||Decker||||false|true|Matthew
Ahmed, Mustafa M.||Ahmed|||M|false|true|Mustafa
Fang, Yin||Fang||||false|false|Yin
Ni, Yongliang||Ni||||false|false|Yongliang
Choi, Baeck||Choi||||false|false|Baeck
Leo, Sin-Yen||Leo||||false|false|Sin-Yen
Gao, Jian||Gao||||false|false|Jian
Ge, Beverly||Ge||||false|false|Beverly
Taylor, Curtis||Taylor||||false|false|Curtis
Basile, Vito||Basile||||false|false|Vito
Jiang, Peng||Jiang||||true|false|Peng
Borst, Stephen E.||Borst|||E|true|true|Stephen
Yarrow, Joshua F.||Yarrow|||F|false|true|Joshua
Lee, Hyun-Wook||Lee||||false|false|Hyun-Wook
Osis, Gunars||Osis||||false|false|Gunars
Handlogten, Mary E.||Handlogten|||E|false|false|Mary
Guo, Hui||Guo||||false|false|Hui
Verlander, Jill W.||Verlander|||W|false|false|Jill
Weiner, I. David||Weiner|||David|true|false|I
Rastogi, Vaibhav||Rastogi||||false|true|Vaibhav
Lamb, Damon G.||Lamb|||G|false|true|Damon
Williamson, John B.||Williamson|||B|false|true|John
Stead, Thor S.||Stead|||S|false|true|Thor
Penumudi, Rachel||Penumudi||||false|true|Rachel
Bidari, Sharathchandra||Bidari||||false|true|Sharathchandra
Ganti, Latha||Ganti||||false|true|Latha
Heilman, Kenneth M.||Heilman|||M|false|true|Kenneth
Hedna, Vishnumurthy S.||Hedna|||S|true|true|Vishnumurthy
Dai, Xianjin||Dai||||false|false|Xianjin
Xi, Lei||Xi||||false|false|Lei
Duan, Can||Duan||||false|false|Can
Yang, Hao||Yang||||false|false|Hao
Xie, Huikai||Xie||||false|false|Huikai
Jiang, Huabei||Jiang||||true|false|Huabei
Park, Hyo-Jin||Park||||false|true|Hyo-Jin
Ran, Yong||Ran||||false|true|Yong
Jung, Joo In||Jung|||In|false|true|Joo
Holmes, Oliver||Holmes||||false|true|Oliver
Price, Ashleigh R.||Price|||R|false|true|Ashleigh
Smithson, Lisa||Smithson||||false|true|Lisa
Ceballos-Diaz, Carolina||Ceballos-Diaz||||false|true|Carolina
Han, Chul||Han||||false|true|Chul
Wolfe, Michael S.||Wolfe|||S|false|true|Michael
Daaka, Yehia||Daaka||||false|true|Yehia
Ryabinin, Andrey E.||Ryabinin|||E|false|true|Andrey
Kim, Seong-Hun||Kim||||false|true|Seong-Hun
Hauger, Richard L.||Hauger|||L|false|true|Richard
Golde, Todd E.||Golde|||E|true|true|Todd
Felsenstein, Kevin M.||Felsenstein|||M|false|true|Kevin
Williams, Julie C.||Williams|||C|false|true|Julie
Klein, Thomas W.||Klein|||W|false|true|Thomas
Goldberger, Bruce A.||Goldberger|||A|false|true|Bruce
Sleasman, John W.||Sleasman|||W|false|true|John
Mackman, Nigel||Mackman||||false|true|Nigel
Goodenow, Maureen M.||Goodenow|||M|true|true|Maureen
Wang, Yun-Peng||Wang||||false|true|Yun-Peng
Cheng, Hai-Ping||Cheng||||true|true|Hai-Ping
Ericson, Mark D.||Ericson|||D|false|true|Mark
Wilczynski, Andrzej||Wilczynski||||false|true|Andrzej
Sorensen, Nicholas B.||Sorensen|||B|false|true|Nicholas
Xiang, Zhimin||Xiang||||false|true|Zhimin
Haskell-Luevano, Carrie||Haskell-Luevano||||true|true|Carrie
Maurya, Devendra Kumar||Maurya|||Kumar|false|false|Devendra
Henriques, Tiago||Henriques||||false|false|Tiago
Marini, Monica||Marini||||false|false|Monica
Pedemonte, Nicoletta||Pedemonte||||false|false|Nicoletta
Galietta, Luis J. V.||Galietta|||J V|false|false|Luis
Rock, Jason R.||Rock|||R|false|true|Jason
Harfe, Brian D.||Harfe|||D|false|true|Brian
Menini, Anna||Menini||||true|false|Anna
Lee, Choong H.||Lee|||H|true|false|Choong
Flint, Jeremy J.||Flint|||J|false|false|Jeremy
Hansen, Brian||Hansen||||false|false|Brian
Blackband, Stephen J.||Blackband|||J|false|false|Stephen
Yang, Zhihui||Yang||||true|false|Zhihui
Wang, Ping||Wang||||false|false|Ping
Morgan, Drake||Morgan||||false|true|Drake
Lin, Dan||Lin||||false|false|Dan
Pan, Jianchun||Pan||||false|false|Jianchun
Lin, Fan||Lin||||false|false|Fan
Strang, Kevin H.||Strang|||H|false|false|Kevin
Selig, Tyler M.||Selig|||M|false|false|Tyler
Perez, Pablo D.||Perez|||D|false|true|Pablo
Febo, Marcelo||Febo||||false|true|Marcelo
Chang, Binggong||Chang||||false|true|Binggong
Rubenstein, Richard||Rubenstein||||false|true|Richard
Wang, Kevin K. W.||Wang|||K W|false|false|Kevin
Ooi, Frances||Ooi||||false|true|Frances
DuChene, Joseph S.||DuChene|||S|false|true|Joseph
Qiu, Jingjing||Qiu||||false|true|Jingjing
Graham, Jeremy O.||Graham|||O|false|true|Jeremy
Engelhard, Mark H.||Engelhard|||H|false|true|Mark
Cao, Guixin||Cao||||false|true|Guixin
Gai, Zheng||Gai||||false|true|Zheng
Wei, Wei David||Wei|||David|true|true|Wei
Dickey, Aaron M.||Dickey|||M|true|false|Aaron
Kumar, Vivek||Kumar||||false|false|Vivek
Morgan, J. Kent||Morgan|||Kent|false|false|J
Jara-Cavieres, Antonella||Jara-Cavieres||||false|false|Antonella
Shatters, Jr., Robert G.|Jr.|Shatters|||G|false|false|Robert
McKenzie, Cindy L.||McKenzie|||L|false|false|Cindy
Osborne, Lance S.||Osborne|||S|false|false|Lance
Khachatryan, V.||Khachatryan||||true|false|V
Sirunyan, A. M.||Sirunyan|||M|false|false|A
Tumasyan, A.||Tumasyan||||false|false|A
Adam, W.||Adam||||false|false|W
Bergauer, T.||Bergauer||||false|false|T
Dragicevic, M.||Dragicevic||||false|false|M
Eroe, J.||Eroe||||false|false|J
Friedl, M.||Friedl||||false|false|M
Fruehwirth, R.||Fruehwirth||||false|false|R
Ghete, V. M.||Ghete|||M|false|false|V
Hartl, C.||Hartl||||false|false|C
Hoermann, N.||Hoermann||||false|false|N
Hrubec, J.||Hrubec||||false|false|J
Jeitler, M.||Jeitler||||false|false|M
Kiesenhofer, W.||Kiesenhofer||||false|false|W
Knuenz, V.||Knuenz||||false|false|V
Krammer, M.||Krammer||||false|false|M
Kraetschmer, I.||Kraetschmer||||false|false|I
Liko, D.||Liko||||false|false|D
Mikulec, I.||Mikulec||||false|false|I
Rabady, D.||Rabady||||false|false|D
Rahbaran, B.||Rahbaran||||false|false|B
Rohringer, H.||Rohringer||||false|false|H
Schoefbeck, R.||Schoefbeck||||false|false|R
Strauss, J.||Strauss||||false|false|J
Treberer-Treberspurg, W.||Treberer-Treberspurg||||false|false|W
Waltenberger, W.||Waltenberger||||false|false|W
Wulz, C. E.||Wulz|||E|false|false|C
Mossolov, V.||Mossolov||||false|false|V
Shumeiko, N.||Shumeiko||||false|false|N
Gonzalez, J. Suarez||Gonzalez|||Suarez|false|false|J
Alderweireldt, S.||Alderweireldt||||false|false|S
Bansal, S.||Bansal||||false|false|S
Cornelis, T.||Cornelis||||false|false|T
De Wolf, E. A.||De Wolf|||A|false|false|E
Janssen, X.||Janssen||||false|false|X
Knutsson, A.||Knutsson||||false|false|A
Lauwers, J.||Lauwers||||false|false|J
Luyckx, S.||Luyckx||||false|false|S
Ochesanu, S.||Ochesanu||||false|false|S
Rougny, R.||Rougny||||false|false|R
Van De Klundert, M.||Van De Klundert||||false|false|M
Van Haevermaet, H.||Van Haevermaet||||false|false|H
Van Mechelen, P.||Van Mechelen||||false|false|P
Van Remortel, N.||Van Remortel||||false|false|N
Van Spilbeeck, A.||Van Spilbeeck||||false|false|A
Blekman, F.||Blekman||||false|false|F
Blyweert, S.||Blyweert||||false|false|S
D'Hondt, J.||D'Hondt||||false|false|J
Daci, N.||Daci||||false|false|N
Hathout, Yetrib||Hathout||||false|false|Yetrib
Brody, Edward||Brody||||false|false|Edward
Clemens, Paula R.||Clemens|||R|false|false|Paula
Cripe, Linda||Cripe||||false|false|Linda
DeLisle, Robert Kirk||DeLisle|||Kirk|false|false|Robert
Furlong, Pat||Furlong||||false|false|Pat
Gordish-Dressman, Heather||Gordish-Dressman||||false|false|Heather
Hache, Lauren||Hache||||false|false|Lauren
Henricson, Erik||Henricson||||false|false|Erik
Hoffman, Eric P.||Hoffman|||P|false|false|Eric
Kobayashi, Yvonne Monique||Kobayashi|||Monique|false|false|Yvonne
Lorts, Angela||Lorts||||false|false|Angela
Mah, Jean K.||Mah|||K|false|false|Jean
McDonald, Craig||McDonald||||false|false|Craig
Mehler, Bob||Mehler||||false|false|Bob
Nelson, Sally||Nelson||||false|true|Sally
Nikrad, Malti||Nikrad||||false|false|Malti
Singer, Britta||Singer||||false|false|Britta
Steele, Fintan||Steele||||false|false|Fintan
Sterling, David||Sterling||||false|false|David
Sweeney, H. Lee||Sweeney|||Lee|false|true|H
Williams, Steve||Williams||||false|false|Steve
Gold, Larry||Gold||||true|false|Larry
Bogner, Barbara||Bogner||||false|false|Barbara
Boye, Sanford L.||Boye|||L|true|true|Sanford
Min, Seok Hong||Min|||Hong|false|true|Seok
Peterson, James J.||Peterson|||J|false|true|James
Ruan, Qing||Ruan||||false|true|Qing
Zhang, Zhonghong||Zhang||||false|false|Zhonghong
Reitsamer, Herbert A.||Reitsamer|||A|false|false|Herbert
Hauswirth, William W.||Hauswirth|||W|false|true|William
Boye, Shannon E.||Boye|||E|true|true|Shannon
Kasturiarachchi, T.||Kasturiarachchi||||true|true|T
Saha, D.||Saha||||false|true|D
Pan, X.||Pan||||false|true|X
Sanders, G. D.||Sanders|||D|false|true|G
Edirisooriya, M.||Edirisooriya||||false|true|M
Mishima, T. D.||Mishima|||D|false|true|T
Doezema, R. E.||Doezema|||E|false|true|R
Stanton, C. J.||Stanton|||J|false|true|C
Santos, M. B.||Santos|||B|false|true|M
Boncy, Paul Jacques||Boncy|||Jacques|false|false|Paul
Adrien, Paul||Adrien||||false|false|Paul
Lemoine, Jean Frantz||Lemoine|||Frantz|false|false|Jean
Existe, Alexandre||Existe||||false|false|Alexandre
Henry, Patricia Jean||Henry|||Jean|false|false|Patricia
Raccurt, Christian||Raccurt||||false|false|Christian
Brasseur, Philippe||Brasseur||||false|false|Philippe
Fenelon, Natael||Fenelon||||false|false|Natael
Dame, John B.||Dame|||B|false|false|John
Okech, Bernard A.||Okech|||A|false|false|Bernard
Kaljee, Linda||Kaljee||||false|false|Linda
Baxa, Dwayne||Baxa||||false|false|Dwayne
Prieur, Eric||Prieur||||false|false|Eric
El Badry, Maha A.||El Badry|||A|false|false|Maha
Tagliamonte, Massimiliano S.||Tagliamonte|||S|false|false|Massimiliano
Mulligan, Connie J.||Mulligan|||J|false|false|Connie
Carter, Tamar E.||Carter|||E|false|false|Tamar
de Rochars, V. Madsen Beau||de Rochars|||Madsen Beau|false|false|V
Lutz, Chelsea||Lutz||||false|false|Chelsea
Parke, Dana M.||Parke|||M|false|false|Dana
Zervos, Marcus J.||Zervos|||J|true|false|Marcus
Hargrove, John S.||Hargrove|||S|true|false|John
Weyl, Olaf L. F.||Weyl|||L F|false|false|Olaf
Allen, Micheal S.||Allen|||S|false|true|Micheal
Deacon, Neil R.||Deacon|||R|false|false|Neil
Ran, Yong||Ran||||true|true|Yong
Ladd, Gabriela Z.||Ladd|||Z|false|true|Gabriela
Ceballos-Diaz, Carolina||Ceballos-Diaz||||false|true|Carolina
Jung, Joo In||Jung|||In|false|true|Joo
Greenbaum, Doron||Greenbaum||||false|true|Doron
Felsenstein, Kevin M.||Felsenstein|||M|false|true|Kevin
Golde, Todd E.||Golde|||E|false|true|Todd
Schwartzt, Allison R.||Schwartzt|||R|false|false|Allison
Potnist, Neha||Potnist||||false|false|Neha
Milsina, Sujan||Milsina||||false|false|Sujan
Wilson, Mark||Wilson||||false|false|Mark
Patane, Jose||Patane||||false|false|Jose
Martins, Jr., Joaquim|Jr.|Martins||||false|false|Joaquim
Minsavage, Gerald V.||Minsavage|||V|false|false|Gerald
Dahlbeck, Douglas||Dahlbeck||||false|false|Douglas
Akhunova, Alina||Akhunova||||false|false|Alina
Almeida, Nalvo||Almeida||||false|false|Nalvo
Vallad, Gary E.||Vallad|||E|false|true|Gary
Barak, Jeri D.||Barak|||D|false|true|Jeri
White, Frank F.||White|||F|false|false|Frank
Miller, Sally A.||Miller|||A|false|true|Sally
Ritchie, David||Ritchie||||false|true|David
Goss, Erica||Goss||||false|false|Erica
Bart, Rebecca S.||Bart|||S|false|false|Rebecca
Setubal, Joao C.||Setubal|||C|false|true|Joao
Jones, Jeffrey B.||Jones|||B|false|false|Jeffrey
Staskawicz, Brian J.||Staskawicz|||J|true|false|Brian
Zhang, Liqin||Zhang||||false|false|Liqin
Yang, Zunyi||Yang||||false|false|Zunyi
Sefah, Kwame||Sefah||||false|false|Kwame
Bradley, Kevin M.||Bradley|||M|false|false|Kevin
Hoshika, Shuichi||Hoshika||||false|false|Shuichi
Kim, Myong-Jung||Kim||||false|false|Myong-Jung
Kim, Hyo-Joong||Kim||||false|false|Hyo-Joong
Zhu, Guizhi||Zhu||||false|false|Guizhi
Jimenez, Elizabeth||Jimenez||||false|false|Elizabeth
Cansiz, Sena||Cansiz||||false|false|Sena
Teng, I-Ting||Teng||||false|false|I-Ting
Champanhac, Carole||Champanhac||||false|false|Carole
McLendon, Christopher||McLendon||||false|false|Christopher
Liu, Chen||Liu||||false|true|Chen
Zhang, Wen||Zhang||||false|true|Wen
Gerloff, Dietlind L.||Gerloff|||L|false|false|Dietlind
Huang, Zhen||Huang||||true|true|Zhen
Tan, Weihong||Tan||||false|false|Weihong
Benner, Steven A.||Benner|||A|false|false|Steven
Skeie, Eli||Skeie||||true|false|Eli
Strand, Elin||Strand||||false|false|Elin
Pedersen, Eva R.||Pedersen|||R|false|false|Eva
Bjorndal, Bodil||Bjorndal||||false|false|Bodil
Bohov, Pavol||Bohov||||false|false|Pavol
Berge, Rolf K.||Berge|||K|false|false|Rolf
Svingen, Gard F. T.||Svingen|||F T|false|false|Gard
Seifert, Reinhard||Seifert||||false|false|Reinhard
Ueland, Per M.||Ueland|||M|false|false|Per
Midttun, Oivind||Midttun||||false|false|Oivind
Ulvik, Arve||Ulvik||||false|false|Arve
Hustad, Steinar||Hustad||||false|false|Steinar
Drevon, Christian A.||Drevon|||A|false|false|Christian
Gregory, Jesse F.||Gregory|||F|false|true|Jesse
Nygard, Ottar||Nygard||||false|false|Ottar
Zhou, Liyi||Zhou||||false|false|Liyi
Zhang, Xiaobing||Zhang||||true|false|Xiaobing
Lv, Yifan||Lv||||false|false|Yifan
Yang, Chao||Yang||||false|false|Chao
Lu, Danqing||Lu||||false|false|Danqing
Wu, Yuan||Wu||||false|true|Yuan
Chen, Zhuo||Chen||||false|false|Zhuo
Liu, Qiaoling||Liu||||false|false|Qiaoling
Tan, Weihong||Tan||||false|true|Weihong
Clendinen, Chaevien S.||Clendinen|||S|false|false|Chaevien
Pasquel, Christian||Pasquel||||false|false|Christian
Ajredini, Ramadan||Ajredini||||false|false|Ramadan
Edison, Arthur S.||Edison|||S|true|false|Arthur
Lewis, Michael W.||Lewis|||W|false|true|Michael
Brant, Jason O.||Brant|||O|false|true|Jason
Kramer, Joseph M.||Kramer|||M|false|true|Joseph
Moss, James I.||Moss|||I|false|true|James
Yang, Thomas P.||Yang|||P|false|true|Thomas
Hansen, Peter J.||Hansen|||J|false|true|Peter
Williams, R. Stan||Williams|||Stan|false|true|R
Resnick, James L.||Resnick|||L|true|true|James
Cunningham, Jr., Mark W.|Jr.|Cunningham|||W|true|false|Mark
West, Crystal A.||West|||A|false|true|Crystal
Wen, Xuerong||Wen||||false|true|Xuerong
Deng, Aihua||Deng||||false|true|Aihua
Baylis, Chris||Baylis||||false|true|Chris
Bowland, Christopher C.||Bowland|||C|false|true|Christopher
Malakooti, Mohammad H.||Malakooti|||H|false|true|Mohammad
Zhou, Zhi||Zhou||||false|true|Zhi
Sodano, Henry A.||Sodano|||A|true|true|Henry
Sinnott, Jennifer A.||Sinnott|||A|false|false|Jennifer
Rider, Jennifer R.||Rider|||R|true|false|Jennifer
Carlsson, Jessica||Carlsson||||false|false|Jessica
Gerke, Travis||Gerke||||false|false|Travis
Tyekucheva, Svitlana||Tyekucheva||||false|false|Svitlana
Penney, Kathryn L.||Penney|||L|false|false|Kathryn
Sesso, Howard D.||Sesso|||D|false|false|Howard
Loda, Massimo||Loda||||false|false|Massimo
Fall, Katja||Fall||||false|false|Katja
Stampfer, Meir J.||Stampfer|||J|false|false|Meir
Mucci, Lorelei A.||Mucci|||A|false|false|Lorelei
Pawitan, Yudi||Pawitan||||false|false|Yudi
Andersson, Sven-Olof||Andersson||||false|false|Sven-Olof
Andren, Ove||Andren||||false|false|Ove
Sadovykh, Valeria||Sadovykh||||false|false|Valeria
Sundaram, David||Sundaram||||false|false|David
Piramuthu, Selwyn||Piramuthu||||true|false|Selwyn
Beavers, Craig J.||Beavers|||J|true|true|Craig
Carris, Nicolas W.||Carris|||W|false|true|Nicolas
Ruf, Kathryn M.||Ruf|||M|false|true|Kathryn
Madhavan, Aarthi||Madhavan||||true|true|Aarthi
Carnaby, Giselle D.||Carnaby|||D|false|true|Giselle
Crary, Michael A.||Crary|||A|false|true|Michael
King-Stephens, David||King-Stephens||||false|true|David
Mirro, Emily||Mirro||||false|true|Emily
Weber, Peter B.||Weber|||B|false|true|Peter
Laxer, Kenneth D.||Laxer|||D|false|true|Kenneth
Van Ness, Paul C.||Van Ness|||C|false|true|Paul
Salanova, Vicenta||Salanova||||false|true|Vicenta
Spencer, David C.||Spencer|||C|false|true|David
Heck, Christianne N.||Heck|||N|false|true|Christianne
Goldman, Alica||Goldman||||false|true|Alica
Jobst, Barbara||Jobst||||false|true|Barbara
Shields, Donald C.||Shields|||C|false|true|Donald
Bergey, Gregory K.||Bergey|||K|false|true|Gregory
Eisenschenk, Stephan||Eisenschenk||||false|true|Stephan
Worrell, Gregory A.||Worrell|||A|false|true|Gregory
Rossi, Marvin A.||Rossi|||A|false|true|Marvin
Gross, Robert E.||Gross|||E|false|true|Robert
Cole, Andrew J.||Cole|||J|false|true|Andrew
Sperling, Michael R.||Sperling|||R|false|true|Michael
Nair, Dileep R.||Nair|||R|false|true|Dileep
Gwinn, Ryder P.||Gwinn|||P|false|true|Ryder
Park, Yong D.||Park|||D|false|true|Yong
Rutecki, Paul A.||Rutecki|||A|false|true|Paul
Fountain, Nathan B.||Fountain|||B|false|true|Nathan
Wharen, Robert E.||Wharen|||E|false|true|Robert
Hirsch, Lawrence J.||Hirsch|||J|false|true|Lawrence
Miller, Ian O.||Miller|||O|false|true|Ian
Barkley, Gregory L.||Barkley|||L|false|true|Gregory
Edwards, Jonathan C.||Edwards|||C|false|true|Jonathan
Geller, Eric B.||Geller|||B|false|true|Eric
Berg, Michel J.||Berg|||J|false|true|Michel
Sadler, Toni L.||Sadler|||L|false|true|Toni
Sun, Felice T.||Sun|||T|false|true|Felice
Morrell, Martha J.||Morrell|||J|true|true|Martha
Dinh, Thang N.||Dinh|||N|true|true|Thang
Thai, My T.||Thai|||T|false|true|My
Maslowski, Grzegorz||Maslowski||||true|false|Grzegorz
Rakov, Vladimir A.||Rakov|||A|false|true|Vladimir
Wyderka, Stanislaw||Wyderka||||false|false|Stanislaw
Ziemba, Robert||Ziemba||||false|false|Robert
Karnas, Grzegorz||Karnas||||false|false|Grzegorz
Filik, Kamil||Filik||||false|false|Kamil
Tran Huu Thang||Tran Huu Thang||||false|false|
Baba, Yoshihiro||Baba||||false|false|Yoshihiro
Rakov, Vladimir A.||Rakov|||A|false|false|Vladimir
Piantini, Alexandre||Piantini||||false|false|Alexandre
Xu, Jun||Xu||||true|true|Jun
Wang, Shuo||Wang||||false|true|Shuo
Nieh, Chien-Ming||Nieh||||true|true|Chien-Ming
Wei, Changyu||Wei||||false|true|Changyu
Lin, Jenshan||Lin||||false|true|Jenshan
Winfrey, A. Leigh||Winfrey|||Leigh|true|false|A
Mittal, Shawn||Mittal||||false|false|Shawn
Abd Al-Halim, Mohamed A.||Abd Al-Halim|||A|false|false|Mohamed
Yaghjyan, L.||Yaghjyan||||true|true|L
Sites, S.||Sites||||false|true|S
Ruan, Y.||Ruan||||false|true|Y
Chang, S-H||Chang||||false|true|S-H
Li, Wenhua||Li||||false|false|Wenhua
Chalam, Kakarla V.||Chalam|||V|false|true|Kakarla
Grover, Sandeep||Grover||||true|true|Sandeep
Kadiyala, M. D. M.||Kadiyala|||D M|true|false|M
Jones, James. W.||Jones|||W|false|false|James
Mylavarapu, R. S.||Mylavarapu|||S|false|false|R
Li, Y. C.||Li|||C|false|false|Y
Reddy, M. D.||Reddy|||D|false|false|M
Umadevi, M.||Umadevi||||false|false|M
Fahmie, Tara A.||Fahmie|||A|true|true|Tara
Iwata, Brian A.||Iwata|||A|false|true|Brian
Jann, Kathryn E.||Jann|||E|false|true|Kathryn
Esenwein, George||Esenwein||||true|true|George
Goda, Norman J. W.||Goda|||J W|true|true|Norman
Harland-Jacobs, Jessica L.||Harland-Jacobs|||L|true|true|Jessica
Cooke, Brian K.||Cooke|||K|true|true|Brian
Delalot, Dominque||Delalot||||false|true|Dominque
Werner, Tonia L.||Werner|||L|false|true|Tonia
Kunka, Cody||Kunka||||false|true|Cody
Trachet, Alison||Trachet||||false|true|Alison
Subhash, Ghatu||Subhash||||true|true|Ghatu
El Haj, Alicia J.||El Haj|||J|false|false|Alicia
Glossop, John R.||Glossop|||R|false|false|John
Sura, Harpal S.||Sura|||S|false|false|Harpal
Lees, Martin R.||Lees|||R|false|false|Martin
Hu, Bin||Hu||||false|false|Bin
Wolbank, Susanne||Wolbank||||false|false|Susanne
van Griensven, Martijn||van Griensven||||false|false|Martijn
Redl, Heinz||Redl||||false|false|Heinz
Dobson, Jon||Dobson||||false|true|Jon
Ardente, Amanda J.||Ardente|||J|true|true|Amanda
Hill, Richard C.||Hill|||C|false|true|Richard
Gerlach, Trevor J.||Gerlach|||J|true|true|Trevor
Estrada, Amara H.||Estrada|||H|false|true|Amara
Sosa, Ivan S.||Sosa|||S|false|true|Ivan
Powell, Melanie||Powell||||false|true|Melanie
Lamb, Kenneth E.||Lamb|||E|false|true|Kenneth
Ball, Ray L.||Ball|||L|false|true|Ray
de Wit, Martine||de Wit||||false|true|Martine
Walsh, Mike T.||Walsh|||T|false|true|Mike
Coelho de Moura, Charlys Rhands||Coelho de Moura|||Rhands|false|false|Charlys
Diniz, Anaemilia das Neves||Diniz|||das Neves|false|false|Anaemilia
Moura, Laecio da Silva||Moura|||da Silva|false|false|Laecio
Araujo Sousa, Francisco das Chagas||Araujo Sousa|||das Chagas|false|false|Francisco
Baltazar, Pollyana Irene||Baltazar|||Irene|false|false|Pollyana
Freire, Larisse Danielle||Freire|||Danielle|false|false|Larisse
Guerra, Porfirio Candanedo||Guerra|||Candanedo|false|false|Porfirio
de Sousa, Joao Macedo||de Sousa|||Macedo|false|false|Joao
Giglio, Robson Fortes||Giglio|||Fortes|false|true|Robson
Pessoa, Gerson Tavares||Pessoa|||Tavares|false|false|Gerson
de Sa, Renan Paraguassu||de Sa|||Paraguassu|false|false|Renan
Alves, Flavio Ribeiro||Alves|||Ribeiro|true|false|Flavio
McCarty, Todd P.||McCarty|||P|true|true|Todd
Baddley, John W.||Baddley|||W|false|true|John
Walsh, Thomas J.||Walsh|||J|false|true|Thomas
Alexander, Barbara D.||Alexander|||D|false|true|Barbara
Kontoyiannis, Dimitrios P.||Kontoyiannis|||P|false|true|Dimitrios
Perl, Trish M.||Perl|||M|false|true|Trish
Walker, Randall||Walker||||false|true|Randall
Patterson, Thomas F.||Patterson|||F|false|true|Thomas
Schuster, Mindy G.||Schuster|||G|false|true|Mindy
Lyon, G. Marshall||Lyon|||Marshall|false|true|G
Wingard, John R.||Wingard|||R|false|true|John
Andes, David R.||Andes|||R|false|true|David
Park, Benjamin J.||Park|||J|false|true|Benjamin
Brandt, Mary E.||Brandt|||E|false|true|Mary
Pappas, Peter G.||Pappas|||G|false|true|Peter
TRANSNET Investigators||TRANSNET Investigators||||false|false|
Barnes, Samesha R.||Barnes|||R|true|true|Samesha
Hughes, Christopher R.||Hughes|||R|true|true|Christopher
Pelaez, Oswaldo||Pelaez||||false|true|Oswaldo
Schubring, Duwayne||Schubring||||false|true|Duwayne
Jordan, Kelly A.||Jordan|||A|false|true|Kelly
Pimiento, Catalina||Pimiento||||true|false|Catalina
Balk, Meghan A.||Balk|||A|false|false|Meghan
Mutunga, James M.||Mutunga|||M|false|true|James
Anderson, Troy D.||Anderson|||D|false|true|Troy
Craft, Derek T.||Craft|||T|false|true|Derek
Gross, Aaron D.||Gross|||D|false|true|Aaron
Swale, Daniel R.||Swale|||R|false|true|Daniel
Tong, Fan||Tong||||false|true|Fan
Wong, Dawn M.||Wong|||M|false|true|Dawn
Carlier, Paul R.||Carlier|||R|false|true|Paul
Bloomquist, Jeffrey R.||Bloomquist|||R|true|true|Jeffrey
Franklin, Janet||Franklin||||true|false|Janet
Ripplinger, Julie||Ripplinger||||false|false|Julie
Freid, Ethan H.||Freid|||H|false|false|Ethan
Marcano-Vega, Humfredo||Marcano-Vega||||false|true|Humfredo
Steadman, David W.||Steadman|||W|false|true|David
Sjoberg, Laura||Sjoberg||||true|true|Laura
Allan, Darcey M.||Allan|||M|true|false|Darcey
Lonigan, Christopher J.||Lonigan|||J|false|false|Christopher
Strong, Amy L.||Strong|||L|false|false|Amy
Bowles, Annie C.||Bowles|||C|false|false|Annie
MacCrimmon, Connor P.||MacCrimmon|||P|false|false|Connor
Frazier, Trivia P.||Frazier|||P|false|false|Trivia
Lee, Stephen J.||Lee|||J|false|false|Stephen
Wu, Xiying||Wu||||false|false|Xiying
Katz, Adam J.||Katz|||J|false|false|Adam
Gawronska-Kozak, Barbara||Gawronska-Kozak||||false|false|Barbara
Bunnell, Bruce A.||Bunnell|||A|false|false|Bruce
Gimble, Jeffrey M.||Gimble|||M|true|false|Jeffrey
de la Fuente, Lorena||de la Fuente||||false|false|Lorena
Conesa, Ana||Conesa||||false|true|Ana
Lloret, Alba||Lloret||||false|false|Alba
Luisa Badenes, Maria||Luisa Badenes||||false|false|Maria
Rios, Gabino||Rios||||true|false|Gabino
Zhang, Jianxing||Zhang||||false|true|Jianxing
Peter, Gary F.||Peter|||F|false|true|Gary
Powell, Gregory L.||Powell|||L|false|true|Gregory
White, Timothy L.||White|||L|false|true|Timothy
Gezan, Salvador A.||Gezan|||A|true|true|Salvador
Bazante, Alexandre P.||Bazante|||P|true|true|Alexandre
Davidson, E. R.||Davidson|||R|false|true|E
Bartlett, Rodney J.||Bartlett|||J|false|true|Rodney
Schulz-Schuepke, Stefanie||Schulz-Schuepke||||false|false|Stefanie
Byrne, Robert A.||Byrne|||A|false|false|Robert
ten Berg, Jurrien M.||ten Berg|||M|false|false|Jurrien
Neumann, Franz-Josef||Neumann||||false|false|Franz-Josef
Han, Yaling||Han||||false|false|Yaling
Adriaenssens, Tom||Adriaenssens||||false|false|Tom
Toelg, Ralph||Toelg||||false|false|Ralph
Seyfarth, Melchior||Seyfarth||||false|false|Melchior
Maeng, Michael||Maeng||||false|false|Michael
Zrenner, Bernhard||Zrenner||||false|false|Bernhard
Jacobshagen, Claudius||Jacobshagen||||false|false|Claudius
Mudra, Harald||Mudra||||false|false|Harald
von Hodenberg, Eberhard||von Hodenberg||||false|false|Eberhard
Woehrle, Jochen||Woehrle||||false|false|Jochen
Angiolillo, Dominick J.||Angiolillo|||J|false|false|Dominick
von Merzljak, Barbara||von Merzljak||||false|false|Barbara
Rifatov, Nonglag||Rifatov||||false|false|Nonglag
Kufner, Sebastian||Kufner||||false|false|Sebastian
Morath, Tanja||Morath||||false|false|Tanja
Feuchtenberger, Antonia||Feuchtenberger||||false|false|Antonia
Ibrahim, Tareq||Ibrahim||||false|false|Tareq
Janssen, Paul W. A.||Janssen|||W A|false|false|Paul
Valina, Christian||Valina||||false|false|Christian
Li, Yi||Li||||false|false|Yi
Desmet, Walter||Desmet||||false|false|Walter
Abdel-Wahab, Mohamed||Abdel-Wahab||||false|false|Mohamed
Tiroch, Klaus||Tiroch||||false|false|Klaus
Hengstenberg, Christian||Hengstenberg||||false|false|Christian
Bernlochner, Isabell||Bernlochner||||false|false|Isabell
Fischer, Marcus||Fischer||||false|false|Marcus
Schunkert, Heribert||Schunkert||||false|false|Heribert
Laugwitz, Karl-Ludwig||Laugwitz||||false|false|Karl-Ludwig
Schoemig, Albert||Schoemig||||false|false|Albert
Mehilli, Julinda||Mehilli||||false|false|Julinda
Kastrati, Adnan||Kastrati||||false|false|Adnan
Intracoronary Stenting Antithrombo||Intracoronary Stenting Antithrombo||||false|false|
Chatrchyan, S.||Chatrchyan||||true|false|S
Khachatryan, V.||Khachatryan||||false|false|V
Sirunyan, A. M.||Sirunyan|||M|false|false|A
Tumasyan, A.||Tumasyan||||false|false|A
Adam, W.||Adam||||false|false|W
Bergauer, T.||Bergauer||||false|false|T
Dragicevic, M.||Dragicevic||||false|false|M
Eroe, J.||Eroe||||false|false|J
Fabjan, C.||Fabjan||||false|false|C
Friedl, M.||Friedl||||false|false|M
Fruehwirth, R.||Fruehwirth||||false|false|R
Ghete, V. M.||Ghete|||M|false|false|V
Hartl, C.||Hartl||||false|false|C
Hoermann, N.||Hoermann||||false|false|N
Hrubec, J.||Hrubec||||false|false|J
Jeitler, M.||Jeitler||||false|false|M
Kiesenhofer, W.||Kiesenhofer||||false|false|W
Knuenz, V.||Knuenz||||false|false|V
Krammer, M.||Krammer||||false|false|M
Kraetschmer, I.||Kraetschmer||||false|false|I
Liko, D.||Liko||||false|false|D
Mikulec, I.||Mikulec||||false|false|I
Rabady, D.||Rabady||||false|false|D
Rahbaran, B.||Rahbaran||||false|false|B
Rohringer, H.||Rohringer||||false|false|H
Schoefbeck, R.||Schoefbeck||||false|false|R
Strauss, J.||Strauss||||false|false|J
Taurok, A.||Taurok||||false|false|A
Treberer-Treberspurg, W.||Treberer-Treberspurg||||false|false|W
Waltenberger, W.||Waltenberger||||false|false|W
Wulz, C. E.||Wulz|||E|false|false|C
Mossolov, V.||Mossolov||||false|false|V
Shumeiko, N.||Shumeiko||||false|false|N
Gonzalez, J. Suarez||Gonzalez|||Suarez|false|false|J
Alderweireldt, S.||Alderweireldt||||false|false|S
Bansal, M.||Bansal||||false|false|M
Bansal, S.||Bansal||||false|false|S
Cornelis, T.||Cornelis||||false|false|T
De Wolf, E. A.||De Wolf|||A|false|false|E
Janssen, X.||Janssen||||false|false|X
Knutsson, A.||Knutsson||||false|false|A
Luyckx, S.||Luyckx||||false|false|S
Ochesanu, S.||Ochesanu||||false|false|S
Roland, B.||Roland||||false|false|B
Rougny, R.||Rougny||||false|false|R
Van Haevermaet, H.||Van Haevermaet||||false|false|H
Van Mechelen, P.||Van Mechelen||||false|false|P
Van Remortel, N.||Van Remortel||||false|false|N
Van Spilbeeck, A.||Van Spilbeeck||||false|false|A
Blekman, F.||Blekman||||false|false|F
Khachatryan, V.||Khachatryan||||true|false|V
Sirunyan, A. M.||Sirunyan|||M|false|false|A
Tumasyan, A.||Tumasyan||||false|false|A
Adam, W.||Adam||||false|false|W
Bergauer, T.||Bergauer||||false|false|T
Dragicevic, M.||Dragicevic||||false|false|M
Eroe, J.||Eroe||||false|false|J
Friedl, M.||Friedl||||false|false|M
Fruehwirth, R.||Fruehwirth||||false|false|R
Ghete, V. M.||Ghete|||M|false|false|V
Hartl, C.||Hartl||||false|false|C
Hoermann, N.||Hoermann||||false|false|N
Hrubec, J.||Hrubec||||false|false|J
Jeitler, M.||Jeitler||||false|false|M
Kiesenhofer, W.||Kiesenhofer||||false|false|W
Knuenz, V.||Knuenz||||false|false|V
Krammer, M.||Krammer||||false|false|M
Kraetschmer, I.||Kraetschmer||||false|false|I
Liko, D.||Liko||||false|false|D
Mikulec, I.||Mikulec||||false|false|I
Rabady, D.||Rabady||||false|false|D
Rahbaran, B.||Rahbaran||||false|false|B
Rohringer, H.||Rohringer||||false|false|H
Schoefbeck, R.||Schoefbeck||||false|false|R
Strauss, J.||Strauss||||false|false|J
Treberer-Treberspurg, W.||Treberer-Treberspurg||||false|false|W
Waltenberger, W.||Waltenberger||||false|false|W
Wulz, C-E||Wulz||||false|false|C-E
Mossolov, V.||Mossolov||||false|false|V
Shumeiko, N.||Shumeiko||||false|false|N
Gonzalez, J. Suarez||Gonzalez|||Suarez|false|false|J
Alderweireldt, S.||Alderweireldt||||false|false|S
Bansal, S.||Bansal||||false|false|S
Cornelis, T.||Cornelis||||false|false|T
De Wolf, E. A.||De Wolf|||A|false|false|E
Janssen, X.||Janssen||||false|false|X
Knutsson, A.||Knutsson||||false|false|A
Lauwers, J.||Lauwers||||false|false|J
Luyckx, S.||Luyckx||||false|false|S
Ochesanu, S.||Ochesanu||||false|false|S
Rougny, R.||Rougny||||false|false|R
Van De Klundert, M.||Van De Klundert||||false|false|M
Van Haevermaet, H.||Van Haevermaet||||false|false|H
Van Mechelen, P.||Van Mechelen||||false|false|P
Van Remortel, N.||Van Remortel||||false|false|N
Van Spilbeeck, A.||Van Spilbeeck||||false|false|A
Blekman, F.||Blekman||||false|false|F
Blyweert, S.||Blyweert||||false|false|S
D'Hondt, J.||D'Hondt||||false|false|J
Daci, N.||Daci||||false|false|N
Hackmann, Timothy J.||Hackmann|||J|true|true|Timothy
Firkins, Jeffrey L.||Firkins|||L|false|true|Jeffrey
Clark, David J.||Clark|||J|true|true|David
Woods, Adam J.||Woods|||J|true|true|Adam
Bryant, Vaughn||Bryant||||false|true|Vaughn
Sacchetti, Daniela||Sacchetti||||false|true|Daniela
Gervits, Felix||Gervits||||false|true|Felix
Hamilton, Roy||Hamilton||||false|true|Roy
MacSuga-Gage, Ashley S.||MacSuga-Gage|||S|true|true|Ashley
Simonsen, Brandi||Simonsen||||false|true|Brandi
Szantoi, Zoltan||Szantoi||||true|false|Zoltan
Escobedo, Francisco J.||Escobedo|||J|false|true|Francisco
Abd-Elrahman, Amr||Abd-Elrahman||||false|true|Amr
Pearlstine, Leonard||Pearlstine||||false|true|Leonard
Dewitt, Bon||Dewitt||||false|true|Bon
Smith, Scot||Smith||||false|true|Scot
Khachatryan, V.||Khachatryan||||true|false|V
Sirunyan, A. M.||Sirunyan|||M|false|false|A
Tumasyan, A.||Tumasyan||||false|false|A
Adam, W.||Adam||||false|false|W
Bergauer, T.||Bergauer||||false|false|T
Dragicevic, M.||Dragicevic||||false|false|M
Eroe, J.||Eroe||||false|false|J
Fabjan, C.||Fabjan||||false|false|C
Friedl, M.||Friedl||||false|false|M
Fruehwirth, R.||Fruehwirth||||false|false|R
Ghete, V. M.||Ghete|||M|false|false|V
Hartl, C.||Hartl||||false|false|C
Hoermann, N.||Hoermann||||false|false|N
Hrubec, J.||Hrubec||||false|false|J
Jeitler, M.||Jeitler||||false|false|M
Kiesenhofer, W.||Kiesenhofer||||false|false|W
Knuenz, V.||Knuenz||||false|false|V
Krammer, M.||Krammer||||false|false|M
Kraetschmer, I.||Kraetschmer||||false|false|I
Liko, D.||Liko||||false|false|D
Mikulec, I.||Mikulec||||false|false|I
Rabady, D.||Rabady||||false|false|D
Rahbaran, B.||Rahbaran||||false|false|B
Rohringer, H.||Rohringer||||false|false|H
Schoefbeck, R.||Schoefbeck||||false|false|R
Strauss, J.||Strauss||||false|false|J
Taurok, A.||Taurok||||false|false|A
Treberer-Treberspurg, W.||Treberer-Treberspurg||||false|false|W
Waltenberger, W.||Waltenberger||||false|false|W
Wulz, C. E.||Wulz|||E|false|false|C
Mossolov, V.||Mossolov||||false|false|V
Shumeiko, N.||Shumeiko||||false|false|N
Gonzalez, J. Suarez||Gonzalez|||Suarez|false|false|J
Alderweireldt, S.||Alderweireldt||||false|false|S
Bansal, M.||Bansal||||false|false|M
Bansal, S.||Bansal||||false|false|S
Cornelis, T.||Cornelis||||false|false|T
De Wolf, E. A.||De Wolf|||A|false|false|E
Janssen, X.||Janssen||||false|false|X
Knutsson, A.||Knutsson||||false|false|A
Luyckx, S.||Luyckx||||false|false|S
Ochesanu, S.||Ochesanu||||false|false|S
Rougny, R.||Rougny||||false|false|R
Van De Klundert, M.||Van De Klundert||||false|false|M
Van Haevermaet, H.||Van Haevermaet||||false|false|H
Van Mechelen, P.||Van Mechelen||||false|false|P
Van Remortel, N.||Van Remortel||||false|false|N
Van Spilbeeck, A.||Van Spilbeeck||||false|false|A
Blekman, F.||Blekman||||false|false|F
Blyweert, S.||Blyweert||||false|false|S
Wang, Yunwen||Wang||||false|true|Yunwen
Lu, Huangjun||Lu||||true|true|Huangjun
Raid, Richard N.||Raid|||N|false|true|Richard
Nuessly, Gregg S.||Nuessly|||S|false|true|Gregg
Faroutine, Georgy||Faroutine||||false|true|Georgy
Yang, Yang||Yang||||false|false|Yang
Tang, Jingyin||Tang||||false|false|Jingyin
Luo, Hao||Luo||||true|false|Hao
Law, Rob||Law||||false|false|Rob
Liu, Bingjie||Liu||||true|true|Bingjie
Kim, Hany||Kim||||false|true|Hany
Pennington-Gray, Lori||Pennington-Gray||||false|true|Lori
Bautista, Julian E.||Bautista|||E|true|false|Julian
Bailey, Stephen||Bailey||||false|false|Stephen
Font-Ribera, Andreu||Font-Ribera||||false|false|Andreu
Pieri, Matthew M.||Pieri|||M|false|false|Matthew
Busca, Nicolas G.||Busca|||G|false|false|Nicolas
Miralda-Escude, Jordi||Miralda-Escude||||false|false|Jordi
Palanque-Delabrouille, Nathalie||Palanque-Delabrouille||||false|false|Nathalie
Rich, James||Rich||||false|false|James
Dawson, Kyle||Dawson||||false|false|Kyle
Feng, Yu||Feng||||false|false|Yu
Ge, Jian||Ge||||false|false|Jian
Gontcho, Satya A. Gontcho||Gontcho|||A Gontcho|false|false|Satya
Ho, Shirley||Ho||||false|false|Shirley
Le Goff, Jean Marc||Le Goff|||Marc|false|false|Jean
Noterdaeme, Pasquier||Noterdaeme||||false|false|Pasquier
Paris, Isabelle||Paris||||false|false|Isabelle
Rossi, Graziano||Rossi||||false|false|Graziano
Schlegel, David||Schlegel||||false|false|David
Udassi, Sharda||Udassi||||false|true|Sharda
Tuli, Sanjeev Y.||Tuli|||Y|false|true|Sanjeev
Giordano, Beverly P.||Giordano|||P|true|true|Beverly
Udassi, Jai||Udassi||||false|true|Jai
Lamvu, Georgine||Lamvu||||true|true|Georgine
Nguyen, Ruby H. N.||Nguyen|||H N|false|false|Ruby
Burrows, Lara J.||Burrows|||J|false|false|Lara
Rapkin, Andrea||Rapkin||||false|false|Andrea
Witzeman, Kathryn||Witzeman||||false|false|Kathryn
Marvel, Richard P.||Marvel|||P|false|false|Richard
Hutchins, David||Hutchins||||false|false|David
Witkin, Steven S.||Witkin|||S|false|false|Steven
Veasley, Christin||Veasley||||false|false|Christin
Fillingim, Roger||Fillingim||||false|false|Roger
Zolnoun, Denniz||Zolnoun||||false|false|Denniz
Jordan, M. A.||Jordan|||A|true|true|M
Springfels, D.||Springfels||||false|true|D
Schubring, D.||Schubring||||false|true|D
Remshardt, Ralf||Remshardt||||true|true|Ralf
Benzaquen, M.||Benzaquen||||false|true|M
Galvao, K. N.||Galvao|||N|true|true|K
Coleman, A. E.||Coleman|||E|false|true|A
Santos, J. E. P.||Santos|||E P|false|true|J
Goff, J. P.||Goff|||P|false|true|J
Risco, C. A.||Risco|||A|false|true|C
Pogue-Geile, Katherine L.||Pogue-Geile|||L|false|false|Katherine
Song, Nan||Song||||false|false|Nan
Jeong, Jong-Hyeon||Jeong||||false|false|Jong-Hyeon
Gavin, Patrick G.||Gavin|||G|false|false|Patrick
Kim, Seong-Rim||Kim||||false|false|Seong-Rim
Blackmon, Nicole L.||Blackmon|||L|false|false|Nicole
Finnigan, Melanie||Finnigan||||false|false|Melanie
Rastogi, Priya||Rastogi||||false|false|Priya
Fehrenbacher, Louis||Fehrenbacher||||false|false|Louis
Mamounas, Eleftherios P.||Mamounas|||P|false|false|Eleftherios
Swain, Sandra M.||Swain|||M|false|false|Sandra
Wickerham, D. Lawrence||Wickerham|||Lawrence|false|false|D
Geyer, Jr., Charles E.|Jr.|Geyer|||E|false|false|Charles
Costantino, Joseph P.||Costantino|||P|false|false|Joseph
Wolmark, Norman||Wolmark||||false|false|Norman
Paik, Soonmyung||Paik||||true|false|Soonmyung
Khachatryan, V.||Khachatryan||||true|false|V
Sirunyan, A. M.||Sirunyan|||M|false|false|A
Tumasyan, A.||Tumasyan||||false|false|A
Adam, W.||Adam||||false|false|W
Bergauer, T.||Bergauer||||false|false|T
Dragicevic, M.||Dragicevic||||false|false|M
Eroe, J.||Eroe||||false|false|J
Friedl, M.||Friedl||||false|false|M
Fruehwirth, R.||Fruehwirth||||false|false|R
Ghete, V. M.||Ghete|||M|false|false|V
Hartl, C.||Hartl||||false|false|C
Hoermann, N.||Hoermann||||false|false|N
Hrubec, J.||Hrubec||||false|false|J
Jeitler, M.||Jeitler||||false|false|M
Kiesenhofer, W.||Kiesenhofer||||false|false|W
Knuenz, V.||Knuenz||||false|false|V
Krammer, M.||Krammer||||false|false|M
Kraetschmer, I.||Kraetschmer||||false|false|I
Liko, D.||Liko||||false|false|D
Mikulec, I.||Mikulec||||false|false|I
Rabady, D.||Rabady||||false|false|D
Rahbaran, B.||Rahbaran||||false|false|B
Rohringer, H.||Rohringer||||false|false|H
Schoefbeck, R.||Schoefbeck||||false|false|R
Strauss, J.||Strauss||||false|false|J
Treberer-Treberspurg, W.||Treberer-Treberspurg||||false|false|W
Waltenberger, W.||Waltenberger||||false|false|W
Wulz, C. E.||Wulz|||E|false|false|C
Mossolov, V.||Mossolov||||false|false|V
Shumeiko, N.||Shumeiko||||false|false|N
Gonzalez, J. Suarez||Gonzalez|||Suarez|false|false|J
Alderweireldt, S.||Alderweireldt||||false|false|S
Bansal, S.||Bansal||||false|false|S
Cornelis, T.||Cornelis||||false|false|T
De Wolf, E. A.||De Wolf|||A|false|false|E
Janssen, X.||Janssen||||false|false|X
Knutsson, A.||Knutsson||||false|false|A
Lauwers, J.||Lauwers||||false|false|J
Luyckx, S.||Luyckx||||false|false|S
Ochesanu, S.||Ochesanu||||false|false|S
Rougny, R.||Rougny||||false|false|R
De Klundert, M. Van||De Klundert|||Van|false|false|M
Van Haevermaet, H.||Van Haevermaet||||false|false|H
Van Mechelen, P.||Van Mechelen||||false|false|P
Van Remortel, N.||Van Remortel||||false|false|N
Van Spilbeeck, A.||Van Spilbeeck||||false|false|A
Blekman, F.||Blekman||||false|false|F
Blyweert, S.||Blyweert||||false|false|S
D'Hondt, J.||D'Hondt||||false|false|J
Daci, N.||Daci||||false|false|N
Khachatryan, V.||Khachatryan||||true|false|V
Sirunyan, A. M.||Sirunyan|||M|false|false|A
Tumasyan, A.||Tumasyan||||false|false|A
Adam, W.||Adam||||false|false|W
Bergauer, T.||Bergauer||||false|false|T
Dragicevic, M.||Dragicevic||||false|false|M
Eroe, J.||Eroe||||false|false|J
Friedl, M.||Friedl||||false|false|M
Fruehwirth, R.||Fruehwirth||||false|false|R
Ghete, V. M.||Ghete|||M|false|false|V
Hartl, C.||Hartl||||false|false|C
Hoermann, N.||Hoermann||||false|false|N
Hrubec, J.||Hrubec||||false|false|J
Jeitler, M.||Jeitler||||false|false|M
Kiesenhofer, W.||Kiesenhofer||||false|false|W
Knuenz, V.||Knuenz||||false|false|V
Krammer, M.||Krammer||||false|false|M
Kraetschmer, I.||Kraetschmer||||false|false|I
Liko, D.||Liko||||false|false|D
Mikulec, I.||Mikulec||||false|false|I
Rabady, D.||Rabady||||false|false|D
Rahbaran, B.||Rahbaran||||false|false|B
Rohringer, H.||Rohringer||||false|false|H
Schoefbeck, R.||Schoefbeck||||false|false|R
Strauss, J.||Strauss||||false|false|J
Treberer-Treberspurg, W.||Treberer-Treberspurg||||false|false|W
Waltenberger, W.||Waltenberger||||false|false|W
Wulz, C. E.||Wulz|||E|false|false|C
Mossolov, V.||Mossolov||||false|false|V
Shumeiko, N.||Shumeiko||||false|false|N
Gonzalez, J. Suarez||Gonzalez|||Suarez|false|false|J
Alderweireldt, S.||Alderweireldt||||false|false|S
Bansal, S.||Bansal||||false|false|S
Cornelis, T.||Cornelis||||false|false|T
De Wolf, E. A.||De Wolf|||A|false|false|E
Janssen, X.||Janssen||||false|false|X
Knutsson, A.||Knutsson||||false|false|A
Lauwers, J.||Lauwers||||false|false|J
Luyckx, S.||Luyckx||||false|false|S
Ochesanu, S.||Ochesanu||||false|false|S
Rougny, R.||Rougny||||false|false|R
Van de Klundert, M.||Van de Klundert||||false|false|M
Van Haevermaet, H.||Van Haevermaet||||false|false|H
Van Mechelen, P.||Van Mechelen||||false|false|P
Van Remortel, N.||Van Remortel||||false|false|N
Van Spilbeeck, A.||Van Spilbeeck||||false|false|A
Blekman, F.||Blekman||||false|false|F
Blyweert, S.||Blyweert||||false|false|S
D'Hondt, J.||D'Hondt||||false|false|J
Daci, N.||Daci||||false|false|N
Adam-Eldien, Rabie||Adam-Eldien||||false|true|Rabie
Baldeo, Candice||Baldeo||||false|true|Candice
Heilig, Charles||Heilig||||false|true|Charles
Baldeo, Candice||Baldeo||||false|true|Candice
Ali, Robert||Ali||||false|true|Robert
Hritani, Abdulwahab||Hritani||||false|true|Abdulwahab
Poenariu, Andreea||Poenariu||||false|true|Andreea
Jamal, Muhsin||Jamal||||false|true|Muhsin
Hussain, Tahir||Hussain||||false|false|Tahir
Das, Chythanya Rajanna||Das|||Rajanna|false|true|Chythanya
Andleeb, Saadia||Andleeb||||true|false|Saadia
Park, Kyu-Tek||Park||||true|false|Kyu-Tek
Heppner, John B.||Heppner|||B|false|false|John
Bae, Yang-Seop||Bae||||false|false|Yang-Seop
Staud, Roland||Staud||||true|true|Roland
Dietl, Gregory P.||Dietl|||P|true|true|Gregory
Kidwell, Susan M.||Kidwell|||M|false|true|Susan
Brenner, Mark||Brenner||||false|true|Mark
Burney, David A.||Burney|||A|false|true|David
Flessa, Karl W.||Flessa|||W|false|true|Karl
Jackson, Stephen T.||Jackson|||T|false|true|Stephen
Koch, Paul L.||Koch|||L|false|true|Paul
Baas, Pieter||Baas||||true|false|Pieter
Srivastava, Rashmi||Srivastava||||false|false|Rashmi
Manchester, Steven R.||Manchester|||R|false|true|Steven
Wheeler, Elisabeth A.||Wheeler|||A|false|true|Elisabeth
Boonchai, Nareerat||Boonchai||||true|false|Nareerat
Manchester, Steven R.||Manchester|||R|false|true|Steven
Wheeler, Elisabeth A.||Wheeler|||A|false|true|Elisabeth
Zhang, Hua||Zhang||||false|false|Hua
Dai, Xufeng||Dai||||false|false|Xufeng
Qi, Yan||Qi||||false|false|Yan
He, Ying||He||||false|false|Ying
Du, Wei||Du||||false|true|Wei
Pang, Ji-jing||Pang||||true|true|Ji-jing
Edelmann, Jonathan||Edelmann||||true|true|Jonathan
Girgis, Adel S.||Girgis|||S|true|false|Adel
Panda, Siva S.||Panda|||S|false|false|Siva
Srour, Aladdin M.||Srour|||M|false|false|Aladdin
Farag, Hanaa||Farag||||false|false|Hanaa
Ismail, Nasser S. M.||Ismail|||S M|false|false|Nasser
Elgendy, Mohamed||Elgendy||||false|false|Mohamed
Abdel-Aziz, Amal K.||Abdel-Aziz|||K|false|false|Amal
Katritzky, Alan R.||Katritzky|||R|false|false|Alan
Morris, N. Michael||Morris|||Michael|true|true|N
Kuratko, Donald F.||Kuratko|||F|false|true|Donald
Pryor, Christopher G.||Pryor|||G|false|true|Christopher
